url,name,address,city,state,phone
https://ascentwyo.com/,Results,"1914 Thomes Ave, Cheyenne, WY 82001",Cheyenne,WY,(307) 214-8856
http://www.davidapope.com/,Results,"2020 Carey Ave 6th Floor, Cheyenne, WY 82001",Cheyenne,WY,(307) 638-3170
https://mcintyreaccounting.com/,Results,"1111 E Lincolnway Suite 200, Cheyenne, WY 82001",Cheyenne,WY,(307) 286-5210
https://mltaxprep.com/,Results,"8300 Cox Rd, Cheyenne, WY 82009",Cheyenne,WY,(307) 421-5534
http://www.highpointcpa.com/,Results,"401 E Fremont St, Laramie, WY 82072",Laramie,WY,(307) 745-7241
http://www.hmwy.cpa/,Results,"1811 S Sheridan Ave, Sheridan, WY 82801",Sheridan,WY,(307) 672-0785
http://hallowscompany.com/,Results,"1575 Dewar Dr Ste 400, Rock Springs, WY 82901",Rock Springs,WY,(307) 362-4272
https://www.cheyennecpa.com/,Results,"1607 E 19th St, Cheyenne, WY 82001",Cheyenne,WY,(307) 635-2600
https://www.wyocpa.org/,Results,"204 W 18th St Suite 1, Cheyenne, WY 82001",Cheyenne,WY,(307) 634-7039
http://cpaboard.wyo.gov/,Results,"325 W 18th St Suite 4, Cheyenne, WY 82001",Cheyenne,WY,(307) 777-7551
https://wcginc.com/,Results,"920 E Sheridan St # B, Laramie, WY 82070",Laramie,WY,(719) 387-9800
https://www.schmitcpa.com/,Results,"410 Grand Ave #301, Laramie, WY 82070",Laramie,WY,(307) 399-3539
http://www.rmlcpas.com/,Results,"505 S 3rd St Ste 100, Laramie, WY 82070",Laramie,WY,(307) 755-1040
https://www.centsofwyoming.com/?utm_source=google&utm_medium=wix_google_business_profile&utm_campaign=15435957911619022590,Results,"2020 Grand Ave Ste 427, Laramie, WY 82070",Laramie,WY,(307) 200-9838
http://www.cpawyo.com/,Results,"111 S Durbin St #300, Casper, WY 82601",Casper,WY,(307) 577-4040
http://carlsonhearnecpa.com/,Results,"1369 N 4th St, Laramie, WY 82072",Laramie,WY,(307) 745-8134
http://atkinsaccountingservicesinc.com/,Results,"2617 E Lincolnway Suite A3, Cheyenne, WY 82001",Cheyenne,WY,(307) 776-0999
https://www.rmlcpas.com/OurStory.php,Results,"505 S 3rd St Ste 100, Laramie, WY 82070",Laramie,WY,(307) 755-1040
https://www.clockworkacctg.com/,Results,"30 N Gould St #43258, Sheridan, WY 82801",Sheridan,WY,(888) 534-6771
http://www.307cpas.com/,Results,"945 Lincoln St, Lander, WY 82520",Lander,WY,(307) 332-4545
http://pisackabaker.com/firmprofile.php,Results,"3908 Grand Ave #202, Laramie, WY 82070",Laramie,WY,(307) 343-0117
http://pilchandreedcpas.com/,Results,"1101 Sugarview Dr, Sheridan, WY 82801",Sheridan,WY,(307) 674-7491
http://www.mixtergroup.com/,Results,"1119 WY-22 #1830, Jackson, WY 83001",Jackson,WY,(307) 733-5656
http://www.ktllp.cpa/,Results,"555 S Wolcott St, Casper, WY 82601",Casper,WY,(307) 266-1403
