url,name,address,city,state,phone
http://www.highpointcpa.com/,Results,"401 E Fremont St, Laramie, WY 82072",Laramie,WY,(307) 745-7241
http://www.rmlcpas.com/,Results,"505 S 3rd St Ste 100, Laramie, WY 82070",Laramie,WY,(307) 755-1040
http://www.nps.gov/fola/,Results,"965 Grey Rocks Road, Fort Laramie, WY 82212",Fort Laramie,WY,(307) 837-2221
https://www.rmlcpas.com/OurStory.php,Results,"505 S 3rd St Ste 100, Laramie, WY 82070",Laramie,WY,(307) 755-1040
http://carlsonhearnecpa.com/,Results,"1369 N 4th St, Laramie, WY 82072",Laramie,WY,(307) 745-8134
https://www.schmitcpa.com/,Results,"410 Grand Ave #301, Laramie, WY 82070",Laramie,WY,(307) 399-3539
http://cindydelaneycpa.com/,Results,"414 E Canby St, Laramie, WY 82070",Laramie,WY,(307) 460-0234
https://wcginc.com/,Results,"920 E Sheridan St # B, Laramie, WY 82070",Laramie,WY,(719) 387-9800
http://pisackabaker.com/firmprofile.php,Results,"3908 Grand Ave #202, Laramie, WY 82070",Laramie,WY,(307) 343-0117
https://www.centsofwyoming.com/?utm_source=google&utm_medium=wix_google_business_profile&utm_campaign=15435957911619022590,Results,"2020 Grand Ave Ste 427, Laramie, WY 82070",Laramie,WY,(307) 200-9838
https://proadvisor.intuit.com/app/accountant/search?searchId=lindsay-reeve,Results,"815 E Kearney St, Laramie, WY 82070",Laramie,WY,(307) 460-8760
http://equinoxbookkeeping.com/,Results,,Fort Laramie,WY,(307) 399-8574
https://www.hrblock.com/tax-office-near-me/wyoming/laramie/47732/?otppartnerid=9308&campaignid=pw_mcm_9308_9762&utm_medium=local,Results,"2523 E Garfield St Ste B, Laramie, WY 82070",Laramie,WY,(307) 745-5667
http://www.davidapope.com/,Results,"2020 Carey Ave 6th Floor, Cheyenne, WY 82001",Cheyenne,WY,(307) 638-3170
http://cpaboard.wyo.gov/,Results,"325 W 18th St Suite 4, Cheyenne, WY 82001",Cheyenne,WY,(307) 777-7551
